<?xml version="1.0" encoding="UTF-8"?>
<GenRun Id="impl_1" LaunchPart="xc7a100tcsg324-1" LaunchTime="1661600466">
  <File Type="ROUTE-PWR" Name="full_adder_data_flow_power_routed.rpt"/>
  <File Type="PA-TCL" Name="full_adder_data_flow.tcl"/>
  <File Type="ROUTE-PWR-SUM" Name="full_adder_data_flow_power_summary_routed.pb"/>
  <File Type="REPORTS-TCL" Name="full_adder_data_flow_reports.tcl"/>
  <File Type="BITSTR-MSK" Name="full_adder_data_flow.msk"/>
  <File Type="ROUTE-CLK" Name="full_adder_data_flow_clock_utilization_routed.rpt"/>
  <File Type="RDI-RDI" Name="full_adder_data_flow.vdi"/>
  <File Type="ROUTE-BUS-SKEW" Name="full_adder_data_flow_bus_skew_routed.rpt"/>
  <File Type="PA-DCP" Name="full_adder_data_flow.dcp"/>
  <File Type="BG-BIT" Name="full_adder_data_flow.bit"/>
  <File Type="BG-DRC" Name="full_adder_data_flow.drc"/>
  <File Type="BG-BGN" Name="full_adder_data_flow.bgn"/>
  <File Type="BG-BIN" Name="full_adder_data_flow.bin"/>
  <File Type="BITSTR-RBT" Name="full_adder_data_flow.rbt"/>
  <File Type="BITSTR-NKY" Name="full_adder_data_flow.nky"/>
  <File Type="BITSTR-BMM" Name="full_adder_data_flow_bd.bmm"/>
  <File Type="ROUTE-METHODOLOGY-DRC" Name="full_adder_data_flow_methodology_drc_routed.rpt"/>
  <File Type="BITSTR-MMI" Name="full_adder_data_flow.mmi"/>
  <File Type="ROUTE-METHODOLOGY-DRC-PB" Name="full_adder_data_flow_methodology_drc_routed.pb"/>
  <File Type="BITSTR-SYSDEF" Name="full_adder_data_flow.sysdef"/>
  <File Type="ROUTE-DRC-RPX" Name="full_adder_data_flow_drc_routed.rpx"/>
  <File Type="BITSTR-LTX" Name="debug_nets.ltx"/>
  <File Type="BITSTR-LTX" Name="full_adder_data_flow.ltx"/>
  <File Type="RCFI_FILE" Name="full_adder_data_flow.rcfi"/>
  <File Type="WBT-USG" Name="usage_statistics_webtalk.html"/>
  <File Type="OPT-DRC" Name="full_adder_data_flow_drc_opted.rpt"/>
  <File Type="OPT-HWDEF" Name="full_adder_data_flow.hwdef"/>
  <File Type="PLACE-IO" Name="full_adder_data_flow_io_placed.rpt"/>
  <File Type="PLACE-UTIL" Name="full_adder_data_flow_utilization_placed.rpt"/>
  <File Type="PLACE-UTIL-PB" Name="full_adder_data_flow_utilization_placed.pb"/>
  <File Type="PLACE-CTRL" Name="full_adder_data_flow_control_sets_placed.rpt"/>
  <File Type="PLACE-PRE-SIMILARITY" Name="full_adder_data_flow_incremental_reuse_pre_placed.rpt"/>
  <File Type="ROUTE-DRC" Name="full_adder_data_flow_drc_routed.rpt"/>
  <File Type="ROUTE-DRC-PB" Name="full_adder_data_flow_drc_routed.pb"/>
  <File Type="ROUTE-PWR-RPX" Name="full_adder_data_flow_power_routed.rpx"/>
  <File Type="ROUTE-STATUS" Name="full_adder_data_flow_route_status.rpt"/>
  <File Type="ROUTE-STATUS-PB" Name="full_adder_data_flow_route_status.pb"/>
  <File Type="ROUTE-DCP" Name="full_adder_data_flow_routed.dcp"/>
  <File Type="ROUTE-ERROR-DCP" Name="full_adder_data_flow_routed_error.dcp"/>
  <File Type="ROUTE-BLACKBOX-DCP" Name="full_adder_data_flow_routed_bb.dcp"/>
  <File Type="ROUTE-TIMINGSUMMARY" Name="full_adder_data_flow_timing_summary_routed.rpt"/>
  <File Type="ROUTE-TIMING-PB" Name="full_adder_data_flow_timing_summary_routed.pb"/>
  <File Type="ROUTE-TIMING-RPX" Name="full_adder_data_flow_timing_summary_routed.rpx"/>
  <File Type="ROUTE-BUS-SKEW-PB" Name="full_adder_data_flow_bus_skew_routed.pb"/>
  <File Type="ROUTE-BUS-SKEW-RPX" Name="full_adder_data_flow_bus_skew_routed.rpx"/>
  <File Type="OPT-DCP" Name="full_adder_data_flow_opt.dcp"/>
  <File Type="PLACE-DCP" Name="full_adder_data_flow_placed.dcp"/>
  <File Type="PWROPT-DCP" Name="full_adder_data_flow_pwropt.dcp"/>
  <File Type="POSTPLACE-PWROPT-DCP" Name="full_adder_data_flow_postplace_pwropt.dcp"/>
  <File Type="PHYSOPT-DCP" Name="full_adder_data_flow_physopt.dcp"/>
  <File Type="POSTROUTE-PHYSOPT-DCP" Name="full_adder_data_flow_postroute_physopt.dcp"/>
  <File Type="POSTROUTE-PHYSOPT-BLACKBOX-DCP" Name="full_adder_data_flow_postroute_physopt_bb.dcp"/>
  <File Type="ROUTE-METHODOLOGY-DRC-RPX" Name="full_adder_data_flow_methodology_drc_routed.rpx"/>
  <File Type="PDI-FILE" Name="full_adder_data_flow.pdi"/>
  <File Type="CFI_FILE" Name="full_adder_data_flow.cfi"/>
  <File Type="RNPI_FILE" Name="full_adder_data_flow.rnpi"/>
  <File Type="NPI_FILE" Name="full_adder_data_flow.npi"/>
  <File Type="RBD_FILE" Name="full_adder_data_flow.rbd"/>
  <FileSet Name="sources" Type="DesignSrcs" RelSrcDir="$PSRCDIR/sources_1">
    <Filter Type="Srcs"/>
    <File Path="$PSRCDIR/sources_1/new/full_adder_data_flow.v">
      <FileInfo>
        <Attr Name="UsedIn" Val="synthesis"/>
        <Attr Name="UsedIn" Val="implementation"/>
        <Attr Name="UsedIn" Val="simulation"/>
      </FileInfo>
    </File>
    <Config>
      <Option Name="DesignMode" Val="RTL"/>
      <Option Name="TopModule" Val="full_adder_data_flow"/>
      <Option Name="TopAutoSet" Val="TRUE"/>
    </Config>
  </FileSet>
  <FileSet Name="constrs_in" Type="Constrs" RelSrcDir="$PSRCDIR/constrs_1">
    <Filter Type="Constrs"/>
    <Config>
      <Option Name="ConstrsType" Val="XDC"/>
    </Config>
  </FileSet>
  <FileSet Name="utils" Type="Utils" RelSrcDir="$PSRCDIR/utils_1">
    <Filter Type="Utils"/>
    <Config>
      <Option Name="TopAutoSet" Val="TRUE"/>
    </Config>
  </FileSet>
  <Strategy Version="1" Minor="2">
    <StratHandle Name="Vivado Implementation Defaults" Flow="Vivado Implementation 2020"/>
    <Step Id="init_design"/>
    <Step Id="opt_design"/>
    <Step Id="power_opt_design"/>
    <Step Id="place_design"/>
    <Step Id="post_place_power_opt_design"/>
    <Step Id="phys_opt_design"/>
    <Step Id="route_design"/>
    <Step Id="post_route_phys_opt_design"/>
    <Step Id="write_bitstream"/>
    <Step Id="write_device_image"/>
  </Strategy>
</GenRun>
